env_id,start_shape,reward,steps,seconds,end_reasons,full_time,final_x_m,raw_max_x_m,grounded_max_x_m,tiles_passed,air_fraction
0,pyramid_stairs,1.8442122004926205,65,1.0833333333333333,torso_height,0,1.8154354095458984,1.8154354095458984,1.565347671508789,0,0.4153846153846154
1,pyramid_stairs,1.9935644543729722,53,0.8833333333333333,torso_height,0,2.114044189453125,2.114044189453125,2.114044189453125,0,0.4528301886792453
2,pyramid_stairs,1.9262177483178675,53,0.8833333333333333,torso_height,0,2.1449050903320312,2.1449050903320312,1.9189224243164062,0,0.5283018867924528
3,pyramid_stairs,1.9238011287525296,54,0.9,torso_height,0,2.061216354370117,2.061216354370117,1.8528003692626953,0,0.5740740740740741
4,pyramid_stairs,1.6776806336129084,58,0.9666666666666667,torso_height,0,1.7812671661376953,1.7812671661376953,1.5841846466064453,0,0.5344827586206896
5,pyramid_stairs,1.6063077468425035,51,0.85,torso_height,0,1.8494682312011719,1.8494682312011719,1.8494682312011719,0,0.43137254901960786
6,pyramid_stairs,1.9054188625887036,54,0.9,torso_height,0,1.9628524780273438,1.9628524780273438,1.7739715576171875,0,0.5185185185185185
7,pyramid_stairs,2.0286849681288004,70,1.1666666666666667,torso_height,0,2.049549102783203,2.049549102783203,1.7811641693115234,0,0.5571428571428572
8,pyramid_stairs,1.85944087151438,69,1.15,torso_height,0,1.8391914367675781,1.8391914367675781,1.6219749450683594,0,0.4492753623188406
9,pyramid_stairs,1.641381245921366,56,0.9333333333333333,torso_height,0,1.7853851318359375,1.7853851318359375,1.5920772552490234,0,0.4107142857142857
10,pyramid_stairs,1.955016274470836,54,0.9,torso_height,0,2.1001052856445312,2.1001052856445312,1.830545425415039,0,0.5925925925925926
11,pyramid_stairs,2.4374600159935653,93,1.55,torso_height,0,2.3740768432617188,2.3740768432617188,2.0611915588378906,0,0.7204301075268817
12,pyramid_stairs,1.4773328816518188,90,1.5,torso_height,0,1.296121597290039,1.296121597290039,1.296121597290039,0,0.5
13,pyramid_stairs,2.0975028765387833,122,2.033333333333333,torso_height,0,1.8375682830810547,1.8375682830810547,1.613077163696289,0,0.7540983606557377
14,pyramid_stairs,2.160934228915721,59,0.9833333333333333,torso_height,0,2.236745834350586,2.236745834350586,1.9390239715576172,0,0.6101694915254238
15,pyramid_stairs,2.0216048198053613,98,1.6333333333333333,torso_height,0,1.78753662109375,1.78753662109375,1.60504150390625,0,0.3673469387755102
16,pyramid_stairs,1.9405295825563371,55,0.9166666666666666,torso_height,0,2.0436019897460938,2.0436019897460938,2.0436019897460938,0,0.4909090909090909
17,pyramid_stairs,1.9655893798917532,55,0.9166666666666666,torso_height,0,2.0979785919189453,2.0979785919189453,1.9626598358154297,0,0.5636363636363636
18,pyramid_stairs,1.9835387407802045,72,1.2,torso_height,0,1.9262275695800781,1.9262275695800781,1.7943305969238281,0,0.6944444444444444
19,pyramid_stairs,1.6998485657386482,52,0.8666666666666667,torso_height,0,1.8151111602783203,1.8151111602783203,1.7469158172607422,0,0.5192307692307693
20,pyramid_stairs_inv,3.7337042435538024,960,16.0,time_out,1,0.9005794525146484,0.9873905181884766,0.9853706359863281,0,0.24583333333333332
21,pyramid_stairs_inv,3.978696631034836,960,16.0,time_out,1,0.9041576385498047,0.962860107421875,0.9618091583251953,0,0.2375
22,pyramid_stairs_inv,3.69569757534191,960,16.0,time_out,1,0.8700408935546875,0.9640579223632812,0.9630241394042969,0,0.23229166666666667
23,pyramid_stairs_inv,3.7216054527089,960,16.0,time_out,1,0.8590431213378906,1.0014400482177734,1.0014400482177734,0,0.228125
24,pyramid_stairs_inv,3.5403056275099516,960,16.0,time_out,1,0.8091716766357422,0.9738521575927734,0.9738521575927734,0,0.221875
25,pyramid_stairs_inv,4.265822328161448,960,16.0,time_out,1,0.8996467590332031,1.0227165222167969,1.0227165222167969,0,0.19270833333333334
26,pyramid_stairs_inv,3.762791932793334,960,16.0,time_out,1,0.7570686340332031,0.940399169921875,0.940399169921875,0,0.23333333333333334
27,pyramid_stairs_inv,3.748795347753912,960,16.0,time_out,1,0.8966445922851562,0.9635868072509766,0.9619617462158203,0,0.24375
28,pyramid_stairs_inv,3.639153553172946,960,16.0,time_out,1,0.8425083160400391,0.9509716033935547,0.9509716033935547,0,0.240625
29,pyramid_stairs_inv,3.806721261003986,960,16.0,time_out,1,0.7509021759033203,0.9470958709716797,0.9470958709716797,0,0.21875
30,pyramid_stairs_inv,3.6507006930187345,960,16.0,time_out,1,0.8502101898193359,1.0307903289794922,1.0307903289794922,0,0.22604166666666667
31,pyramid_stairs_inv,4.003609474515542,960,16.0,time_out,1,0.8267192840576172,0.9498329162597656,0.9475517272949219,0,0.24895833333333334
32,pyramid_stairs_inv,3.697401606477797,960,16.0,time_out,1,0.8214321136474609,1.0117568969726562,1.0117568969726562,0,0.21979166666666666
33,pyramid_stairs_inv,3.549527675844729,960,16.0,time_out,1,0.7864418029785156,0.9706134796142578,0.9706134796142578,0,0.23541666666666666
34,pyramid_stairs_inv,3.5139795292634517,960,16.0,time_out,1,0.8226737976074219,0.9477958679199219,0.9477958679199219,0,0.21041666666666667
35,pyramid_stairs_inv,3.4410888000857085,960,16.0,time_out,1,0.7871513366699219,0.9417648315429688,0.9417648315429688,0,0.23541666666666666
36,pyramid_stairs_inv,-5.182749331695959,960,16.0,time_out,1,1.1039371490478516,1.3585796356201172,1.183908462524414,0,0.153125
37,pyramid_stairs_inv,3.9763049129396677,960,16.0,time_out,1,0.7830543518066406,0.9937934875488281,0.9937934875488281,0,0.22708333333333333
38,pyramid_stairs_inv,3.7676589624024928,960,16.0,time_out,1,0.8748626708984375,0.9609603881835938,0.9609603881835938,0,0.25
39,pyramid_stairs_inv,-0.6292159527074546,174,2.9,torso_height,0,-0.5082340240478516,0.020330429077148438,0.0,0,0.4540229885057471
40,boxes,0.28199234372004867,69,1.15,torso_height,0,-0.13116836547851562,0.008272171020507812,0.0,0,0.9130434782608695
41,boxes,0.3160960008390248,29,0.48333333333333334,torso_height,0,0.15776443481445312,0.15776443481445312,0.15776443481445312,0,0.6551724137931034
42,boxes,0.037557053845375776,29,0.48333333333333334,torso_height,0,-0.17200851440429688,0.0,0.0,0,0.4827586206896552
43,boxes,1.0701664392836392,40,0.6666666666666666,torso_height,0,1.1528472900390625,1.1528472900390625,1.1059608459472656,0,0.35
44,boxes,1.4938391661271453,75,1.25,torso_height,0,1.323333740234375,1.323333740234375,1.2325878143310547,0,0.5466666666666666
45,boxes,1.4484207392670214,46,0.7666666666666666,torso_height,0,1.5767478942871094,1.5767478942871094,0.9612998962402344,0,0.6521739130434783
46,boxes,1.1485959002748132,47,0.7833333333333333,torso_height,0,1.1432437896728516,1.1432437896728516,0.9152050018310547,0,0.48936170212765956
47,boxes,1.1507172514684498,95,1.5833333333333333,torso_height,0,0.5578899383544922,0.5578899383544922,0.5578899383544922,0,0.22105263157894736
48,boxes,0.7106172256171703,69,1.15,torso_height,0,0.5214958190917969,0.5214958190917969,0.5013885498046875,0,0.7681159420289855
49,boxes,1.6727831603493541,70,1.1666666666666667,torso_height,0,1.6006526947021484,1.6006526947021484,1.55584716796875,0,0.4142857142857143
50,boxes,1.026788333663717,40,0.6666666666666666,torso_height,0,1.1110363006591797,1.1110363006591797,1.1110363006591797,0,0.45
51,boxes,1.808091930579394,59,0.9833333333333333,torso_height,0,1.8870677947998047,1.8870677947998047,1.8870677947998047,0,0.559322033898305
52,boxes,0.7894263113848865,92,1.5333333333333332,corridor_out_of_bounds,0,0.06479454040527344,0.16234779357910156,0.16234779357910156,0,0.6413043478260869
53,boxes,1.72967649390921,82,1.3666666666666667,torso_height,0,1.5665130615234375,1.5665130615234375,1.5665130615234375,0,0.32926829268292684
54,boxes,-0.7082499852403998,94,1.5666666666666667,torso_height,0,-0.7836837768554688,0.01097869873046875,0.0,0,0.8936170212765957
55,boxes,1.3273032666184008,72,1.2,torso_height,0,1.3470020294189453,1.3470020294189453,1.3470020294189453,0,0.6666666666666666
56,boxes,1.7687072912231088,104,1.7333333333333334,torso_height,0,1.990621566772461,1.990621566772461,1.990621566772461,0,0.25
57,boxes,1.251440906431526,41,0.6833333333333333,torso_height,0,1.3754997253417969,1.3754997253417969,1.3754997253417969,0,0.5365853658536586
58,boxes,0.9446911509148777,44,0.7333333333333333,torso_height,0,0.9863624572753906,0.9863624572753906,0.8979358673095703,0,0.4318181818181818
59,boxes,1.2809475786052644,77,1.2833333333333332,torso_height,0,1.4119682312011719,1.4119682312011719,1.4119682312011719,0,0.4805194805194805
60,random_rough,0.24938430404290557,24,0.4,torso_height,0,0.1311492919921875,0.1311492919921875,0.1311492919921875,0,0.3333333333333333
61,random_rough,3.4397670230828226,278,4.633333333333333,torso_height,0,2.7854785919189453,2.871156692504883,2.871156692504883,0,0.2949640287769784
62,random_rough,1.0787072838284075,84,1.4,torso_height,0,0.8676071166992188,0.9426422119140625,0.9426422119140625,0,0.38095238095238093
63,random_rough,0.35346365813165903,40,0.6666666666666666,torso_height,0,0.17702674865722656,0.2720203399658203,0.26843833923339844,0,0.35
64,random_rough,1.3843398129101843,132,2.2,torso_height,0,0.9263114929199219,1.0362663269042969,1.0362663269042969,0,0.2878787878787879
65,random_rough,0.5231523914262652,39,0.65,torso_height,0,0.3854942321777344,0.40325927734375,0.40325927734375,0,0.41025641025641024
66,random_rough,0.3028820442268625,51,0.85,torso_height,0,-0.0367431640625,0.059421539306640625,0.059421539306640625,0,0.39215686274509803
67,random_rough,0.8712695906870067,59,0.9833333333333333,torso_height,0,0.6931705474853516,0.7805805206298828,0.7789478302001953,0,0.4576271186440678
68,random_rough,1.5788483493961394,108,1.8,torso_height,0,1.3268756866455078,1.3901901245117188,1.3901901245117188,0,0.3333333333333333
69,random_rough,3.931541519239545,333,5.55,torso_height,0,2.8517189025878906,2.9581241607666016,2.955678939819336,0,0.25825825825825827
70,random_rough,3.653115983121097,277,4.616666666666666,torso_height,0,2.847076416015625,3.006834030151367,3.006834030151367,0,0.27075812274368233
71,random_rough,3.2336228978820145,239,3.9833333333333334,corridor_out_of_bounds,0,2.6599597930908203,2.6599597930908203,2.6152915954589844,0,0.32217573221757323
72,random_rough,4.655206228606403,275,4.583333333333333,torso_height,0,4.199254035949707,4.199254035949707,4.159104347229004,1,0.4218181818181818
73,random_rough,3.5560333873145282,311,5.183333333333334,torso_height,0,3.2111778259277344,3.2111778259277344,3.182188034057617,0,0.28938906752411575
74,random_rough,4.438458699034527,356,5.933333333333334,torso_height,0,3.535257339477539,3.535257339477539,3.519773483276367,0,0.300561797752809
75,random_rough,4.284082396887243,303,5.05,torso_height,0,4.07192325592041,4.07192325592041,4.053315162658691,1,0.33993399339933994
76,random_rough,0.9879354541189969,105,1.75,torso_height,0,0.35800743103027344,0.36551666259765625,0.36551666259765625,0,0.19047619047619047
77,random_rough,4.595194689463824,960,16.0,time_out,1,2.4763736724853516,2.4899024963378906,2.4899024963378906,0,0.059375
78,random_rough,3.6124933687970042,153,2.55,torso_height,0,3.9649105072021484,3.9649105072021484,3.9649105072021484,0,0.2875816993464052
79,random_rough,1.8593401592224836,123,2.05,torso_height,0,1.9216327667236328,1.9216327667236328,1.812173843383789,0,0.2926829268292683
80,hf_pyramid_slope,1.6545168310403824,74,1.2333333333333334,torso_height,0,1.6662635803222656,1.6662635803222656,1.4657707214355469,0,0.4189189189189189
81,hf_pyramid_slope,1.641330731101334,77,1.2833333333333332,torso_height,0,1.7270164489746094,1.7270164489746094,1.695932388305664,0,0.4805194805194805
82,hf_pyramid_slope,1.7952301679179072,81,1.35,torso_height,0,1.6710186004638672,1.6710186004638672,1.5725631713867188,0,0.4691358024691358
83,hf_pyramid_slope,1.5898413066752255,57,0.95,torso_height,0,1.7070045471191406,1.7070045471191406,1.6601982116699219,0,0.5087719298245614
84,hf_pyramid_slope,1.9902804475277662,73,1.2166666666666666,torso_height,0,2.1328773498535156,2.1328773498535156,1.8993053436279297,0,0.410958904109589
85,hf_pyramid_slope,1.7004301035776734,74,1.2333333333333334,torso_height,0,1.7470245361328125,1.7470245361328125,1.4510746002197266,0,0.4189189189189189
86,hf_pyramid_slope,1.8733058841899037,72,1.2,torso_height,0,1.8316841125488281,1.8316841125488281,1.8316841125488281,0,0.4444444444444444
87,hf_pyramid_slope,1.7871804321184754,52,0.8666666666666667,torso_height,0,2.0323009490966797,2.0323009490966797,1.1452903747558594,0,0.6153846153846154
88,hf_pyramid_slope,1.5444817137904465,65,1.0833333333333333,torso_height,0,1.6517562866210938,1.6517562866210938,1.6517562866210938,0,0.47692307692307695
89,hf_pyramid_slope,1.6500430749729276,67,1.1166666666666667,torso_height,0,1.8067436218261719,1.8067436218261719,1.8067436218261719,0,0.417910447761194
90,hf_pyramid_slope_inv,8.866827079560608,960,16.0,time_out,1,1.6276416778564453,1.7036476135253906,1.7036476135253906,0,0.04479166666666667
91,hf_pyramid_slope_inv,8.160493438597769,960,16.0,time_out,1,1.4101085662841797,1.42242431640625,1.42242431640625,0,0.06145833333333333
92,hf_pyramid_slope_inv,8.777859700843692,960,16.0,time_out,1,1.580678939819336,1.7862663269042969,1.7862663269042969,0,0.04479166666666667
93,hf_pyramid_slope_inv,9.258928998373449,960,16.0,time_out,1,2.0081825256347656,2.0458736419677734,2.0458736419677734,0,0.09583333333333334
94,hf_pyramid_slope_inv,7.445074763149023,960,16.0,time_out,1,1.8769035339355469,1.927530288696289,1.927530288696289,0,0.11354166666666667
95,hf_pyramid_slope_inv,8.197847618255764,960,16.0,time_out,1,1.5483856201171875,1.5606422424316406,1.5606422424316406,0,0.05
96,hf_pyramid_slope_inv,9.22423213487491,960,16.0,time_out,1,1.7743949890136719,2.0920543670654297,2.0920543670654297,0,0.059375
97,hf_pyramid_slope_inv,9.15958232106641,960,16.0,time_out,1,1.6828117370605469,2.0502681732177734,2.0502681732177734,0,0.05520833333333333
98,hf_pyramid_slope_inv,6.860525370109826,960,16.0,time_out,1,0.7645206451416016,1.0549068450927734,1.0549068450927734,0,0.12916666666666668
99,hf_pyramid_slope_inv,8.923059765715152,960,16.0,time_out,1,1.999490737915039,2.00927734375,2.00927734375,0,0.09791666666666667
