condition,num_envs,evaluation_seed,checkpoint,return_mean,return_std_population,episode_steps_mean,survival_rate,forward_m_mean,wall_seconds,method,training_seed
nominal,100,20261007,/home/hhm/Documents/Codex/2026-09-30/git-checkout-v2-3-0-error/outputs/ant-generalization/runs/baseline_seed11/final.pt,102.9836626690533,30.6052399743513,890.14,0.92,104.19587707519531,12.332056842999009,baseline,11
slippery,100,20261007,/home/hhm/Documents/Codex/2026-09-30/git-checkout-v2-3-0-error/outputs/ant-generalization/runs/baseline_seed11/final.pt,58.744492782276936,11.106047898550266,911.3,0.83,60.145477294921875,9.779889405999711,baseline,11
heavy,100,20261007,/home/hhm/Documents/Codex/2026-09-30/git-checkout-v2-3-0-error/outputs/ant-generalization/runs/baseline_seed11/final.pt,77.49368233494694,22.786893231788646,898.97,0.93,78.25399017333984,11.988424110000778,baseline,11
strong_kicks,100,20261007,/home/hhm/Documents/Codex/2026-09-30/git-checkout-v2-3-0-error/outputs/ant-generalization/runs/baseline_seed11/final.pt,102.7723310242081,30.511357047202846,890.14,0.92,103.99021911621094,9.517158889000711,baseline,11
combined,100,20261007,/home/hhm/Documents/Codex/2026-09-30/git-checkout-v2-3-0-error/outputs/ant-generalization/runs/baseline_seed11/final.pt,52.72445381447731,15.489780671524825,881.02,0.87,55.44520568847656,13.419332532997942,baseline,11
nominal,100,20261007,/home/hhm/Documents/Codex/2026-09-30/git-checkout-v2-3-0-error/outputs/ant-generalization/runs/randomized_seed11/final.pt,79.23332127626404,38.50801963687864,786.16,0.74,84.15865325927734,12.22324821499933,randomized,11
slippery,100,20261007,/home/hhm/Documents/Codex/2026-09-30/git-checkout-v2-3-0-error/outputs/ant-generalization/runs/randomized_seed11/final.pt,57.56877144794096,1.9603259468480179,960.0,1.0,63.20545196533203,10.24738893799804,randomized,11
heavy,100,20261007,/home/hhm/Documents/Codex/2026-09-30/git-checkout-v2-3-0-error/outputs/ant-generalization/runs/randomized_seed11/final.pt,43.536094447928484,18.165697399485033,835.22,0.86,43.63410186767578,12.344815563003067,randomized,11
strong_kicks,100,20261007,/home/hhm/Documents/Codex/2026-09-30/git-checkout-v2-3-0-error/outputs/ant-generalization/runs/randomized_seed11/final.pt,79.10608134303591,38.573431186866195,786.88,0.74,84.01856994628906,11.15427906399782,randomized,11
combined,100,20261007,/home/hhm/Documents/Codex/2026-09-30/git-checkout-v2-3-0-error/outputs/ant-generalization/runs/randomized_seed11/final.pt,71.37493525738596,2.225190920879458,960.0,1.0,78.5492935180664,10.373950280998542,randomized,11
nominal,100,20261007,/home/hhm/Documents/Codex/2026-09-30/git-checkout-v2-3-0-error/outputs/ant-generalization/runs/baseline_seed22/final.pt,97.09213728739647,39.54652468225938,833.75,0.85,99.96987915039062,11.378910373001418,baseline,22
slippery,100,20261007,/home/hhm/Documents/Codex/2026-09-30/git-checkout-v2-3-0-error/outputs/ant-generalization/runs/baseline_seed22/final.pt,42.0653386652458,2.367015149107597,960.0,1.0,47.72576141357422,10.482806488998904,baseline,22
heavy,100,20261007,/home/hhm/Documents/Codex/2026-09-30/git-checkout-v2-3-0-error/outputs/ant-generalization/runs/baseline_seed22/final.pt,60.30257800121064,20.04613195811954,871.31,0.9,64.20486450195312,10.983567987001152,baseline,22
strong_kicks,100,20261007,/home/hhm/Documents/Codex/2026-09-30/git-checkout-v2-3-0-error/outputs/ant-generalization/runs/baseline_seed22/final.pt,96.4193893525959,40.16468929196906,827.42,0.84,99.27464294433594,11.113344891000452,baseline,22
combined,100,20261007,/home/hhm/Documents/Codex/2026-09-30/git-checkout-v2-3-0-error/outputs/ant-generalization/runs/baseline_seed22/final.pt,53.77877109189052,3.394572027753736,960.0,1.0,60.75598907470703,9.98573825999847,baseline,22
nominal,100,20261007,/home/hhm/Documents/Codex/2026-09-30/git-checkout-v2-3-0-error/outputs/ant-generalization/runs/randomized_seed22/final.pt,108.82362429059634,46.47214229263135,811.21,0.77,113.61341857910156,12.229013185999065,randomized,22
slippery,100,20261007,/home/hhm/Documents/Codex/2026-09-30/git-checkout-v2-3-0-error/outputs/ant-generalization/runs/randomized_seed22/final.pt,92.96900171196903,4.284674481191106,960.0,1.0,97.9229965209961,10.886824185003206,randomized,22
heavy,100,20261007,/home/hhm/Documents/Codex/2026-09-30/git-checkout-v2-3-0-error/outputs/ant-generalization/runs/randomized_seed22/final.pt,74.63851485148072,22.18779116594836,889.16,0.92,76.16284942626953,11.233192984000198,randomized,22
strong_kicks,100,20261007,/home/hhm/Documents/Codex/2026-09-30/git-checkout-v2-3-0-error/outputs/ant-generalization/runs/randomized_seed22/final.pt,111.94867962919467,44.12958659504743,832.77,0.78,116.89112854003906,11.331443381001009,randomized,22
combined,100,20261007,/home/hhm/Documents/Codex/2026-09-30/git-checkout-v2-3-0-error/outputs/ant-generalization/runs/randomized_seed22/final.pt,97.65546558894916,2.100824521207821,960.0,1.0,104.54486083984375,10.174027409997507,randomized,22
nominal,100,20261007,/home/hhm/Documents/Codex/2026-09-30/git-checkout-v2-3-0-error/outputs/ant-generalization/runs/baseline_seed33/final.pt,76.70611720610351,22.419461779798397,884.25,0.87,79.39006042480469,10.864888148997125,baseline,33
slippery,100,20261007,/home/hhm/Documents/Codex/2026-09-30/git-checkout-v2-3-0-error/outputs/ant-generalization/runs/baseline_seed33/final.pt,59.813298620006535,6.5807160831047815,959.43,0.98,61.49523162841797,15.395117675998335,baseline,33
heavy,100,20261007,/home/hhm/Documents/Codex/2026-09-30/git-checkout-v2-3-0-error/outputs/ant-generalization/runs/baseline_seed33/final.pt,64.3668311461102,17.934538036059752,898.27,0.93,65.38970184326172,13.669302507001703,baseline,33
strong_kicks,100,20261007,/home/hhm/Documents/Codex/2026-09-30/git-checkout-v2-3-0-error/outputs/ant-generalization/runs/baseline_seed33/final.pt,77.15415365341062,22.11535184079825,885.84,0.9,79.84408569335938,10.949100710000494,baseline,33
combined,100,20261007,/home/hhm/Documents/Codex/2026-09-30/git-checkout-v2-3-0-error/outputs/ant-generalization/runs/baseline_seed33/final.pt,64.70341233178507,7.5547591604590645,956.23,0.97,66.84451293945312,11.191715487002512,baseline,33
nominal,100,20261007,/home/hhm/Documents/Codex/2026-09-30/git-checkout-v2-3-0-error/outputs/ant-generalization/runs/randomized_seed33/final.pt,86.79015141826589,35.62988435438346,825.51,0.76,94.41149139404297,11.048237541999697,randomized,33
slippery,100,20261007,/home/hhm/Documents/Codex/2026-09-30/git-checkout-v2-3-0-error/outputs/ant-generalization/runs/randomized_seed33/final.pt,77.7442932406452,2.865219000772292,960.0,1.0,87.18826293945312,13.361739079999097,randomized,33
heavy,100,20261007,/home/hhm/Documents/Codex/2026-09-30/git-checkout-v2-3-0-error/outputs/ant-generalization/runs/randomized_seed33/final.pt,55.88536183423596,21.860870560220242,862.91,0.89,59.108036041259766,11.049607809000008,randomized,33
strong_kicks,100,20261007,/home/hhm/Documents/Codex/2026-09-30/git-checkout-v2-3-0-error/outputs/ant-generalization/runs/randomized_seed33/final.pt,88.01405616758973,36.464586973966256,828.37,0.82,95.78023529052734,10.80970231700121,randomized,33
combined,100,20261007,/home/hhm/Documents/Codex/2026-09-30/git-checkout-v2-3-0-error/outputs/ant-generalization/runs/randomized_seed33/final.pt,66.7586515535717,2.12488941452791,960.0,1.0,73.60179138183594,10.337379247997887,randomized,33
