condition,method,mean_return,sd_across_training_seeds,mean_episode_sd,mean_survival_rate,mean_forward_m,mean_episode_steps
nominal,baseline,92.26063905418442,13.788940505800166,30.857075478803026,0.88,94.5186055501302,869.38
nominal,randomized,91.61569899504208,15.374034609750261,40.20334876129781,0.7566666666666667,97.39452107747395,807.6266666666667
slippery,baseline,53.54104335584308,9.952609461293994,6.684593043587548,0.9366666666666666,56.45549011230469,943.5766666666667
slippery,randomized,76.09402213351841,17.75772006007008,3.036739809603805,1.0,82.77223714192708,960.0
heavy,baseline,67.38769716075593,8.984861749753465,20.255854408655978,0.92,69.28285217285156,889.5166666666668
heavy,randomized,58.019990377881726,15.660702985636885,20.738119708551213,0.89,59.634995778401695,862.43
strong_kicks,baseline,92.11529134340488,13.340415949472929,30.930466059990053,0.8866666666666667,94.36964925130208,867.8000000000001
strong_kicks,randomized,93.02293904660678,16.984573774996008,39.72253491862662,0.7799999999999999,98.89664459228516,816.0066666666667
combined,baseline,57.068879079384295,6.632681939975175,8.813037286579208,0.9466666666666667,61.015235900878906,932.4166666666666
combined,randomized,78.59635079996893,16.666280665258483,2.1503016188717297,1.0,85.56531524658203,960.0
