env_id,return,steps,survived_full_episode,integrated_forward_m
0,13.180060996906832,285,False,12.911294937133789
1,56.001629563746974,960,True,57.67900466918945
2,59.178390661487356,960,True,62.13860321044922
3,59.45337066613138,960,True,61.71385192871094
4,56.38742827135138,960,True,59.288639068603516
5,51.61262082844041,960,True,54.95335388183594
6,64.90129080927,960,True,68.44630432128906
7,62.62750110978959,960,True,66.68775939941406
8,52.52178118028678,960,True,56.418739318847656
9,56.14931905339472,960,True,61.17911148071289
10,46.744750421494246,960,True,47.7845458984375
11,52.21782677504234,960,True,54.01095199584961
12,56.811613499885425,960,True,59.16253662109375
13,46.04726752801798,960,True,48.263282775878906
14,56.803829623386264,960,True,60.4665412902832
15,55.70762372436002,960,True,58.13119125366211
16,21.74063901999034,432,False,22.6787052154541
17,58.20832484960556,960,True,61.87895584106445
18,15.187248919857666,362,False,15.568279266357422
19,53.5162423690781,960,True,57.816959381103516
20,53.742449870333076,960,True,55.51189041137695
21,66.87696979206521,960,True,69.56200408935547
22,59.29961337323766,960,True,61.933807373046875
23,59.93785309290979,960,True,62.165977478027344
24,56.73320898087695,960,True,59.58110046386719
25,60.11247115151491,960,True,63.791751861572266
26,12.22274189919699,305,False,12.346434593200684
27,69.64236093615182,960,True,73.29511260986328
28,54.02640390419401,960,True,58.279232025146484
29,67.23151220148429,960,True,71.99419403076172
30,56.39112729718909,960,True,58.5383186340332
31,60.33309750538319,960,True,62.509796142578125
32,67.28300118399784,960,True,69.94610595703125
33,64.06638206110802,960,True,66.87651062011719
34,58.39035520516336,960,True,61.55129623413086
35,42.954681746196,960,True,45.589351654052734
36,55.12720471085049,960,True,58.57220458984375
37,55.10129407513887,960,True,59.1507568359375
38,59.13091773027554,960,True,63.634605407714844
39,56.29751892853528,960,True,61.08493423461914
40,65.25440556078684,960,True,66.6927719116211
41,55.94514860853087,960,True,57.4450569152832
42,59.850588740664534,960,True,62.7106819152832
43,58.86089445208199,960,True,61.271541595458984
44,54.688330706441775,960,True,57.17934799194336
45,63.572431279113516,960,True,66.78966522216797
46,57.35727093915921,960,True,61.48148727416992
47,15.51217062305659,327,False,15.710951805114746
48,59.63672130624764,960,True,63.74537658691406
49,59.44459995278157,960,True,64.32906341552734
50,16.41563222394325,369,False,16.238004684448242
51,54.584057284053415,960,True,56.66893005371094
52,69.30219115619548,960,True,71.50743865966797
53,68.17189696454443,960,True,71.19603729248047
54,64.80310061550699,960,True,67.17914581298828
55,53.7765376312891,960,True,57.76051330566406
56,22.266415807651356,485,False,23.268741607666016
57,65.41479465574957,960,True,69.63363647460938
58,51.614707313943654,960,True,55.71723556518555
59,56.19219119218178,960,True,60.79746627807617
60,16.427437693346292,410,False,16.338171005249023
61,58.5863803580869,960,True,60.86482620239258
62,63.121161931194365,960,True,65.2829818725586
63,48.272639512782916,960,True,50.8422737121582
64,58.22072790027596,960,True,60.748504638671875
65,54.75857151427772,960,True,57.540401458740234
66,48.07916936604306,960,True,51.219295501708984
67,63.901136711705476,960,True,67.96341705322266
68,56.44450768106617,960,True,60.399532318115234
69,52.200910376850516,960,True,56.557682037353516
70,68.31714148749597,960,True,70.29110717773438
71,62.15946797118522,960,True,63.64360046386719
72,56.735630366252735,960,True,59.305179595947266
73,58.87119800853543,960,True,61.2572135925293
74,58.27827503019944,960,True,61.061981201171875
75,7.5461873835884035,241,False,7.334252834320068
76,62.42101452080533,960,True,66.18276977539062
77,56.19957688287832,960,True,60.161502838134766
78,64.75804733950645,960,True,69.214111328125
79,55.8687186940806,960,True,60.23793411254883
80,15.891771642956883,346,False,15.492792129516602
81,58.61464317992795,960,True,60.80318069458008
82,54.96638037194498,960,True,56.39876937866211
83,65.3146359755192,960,True,67.96721649169922
84,56.76341496966779,960,True,59.401939392089844
85,6.60861672705505,234,False,6.555987358093262
86,52.896210447652265,960,True,56.63862228393555
87,22.615532371914014,484,False,23.665237426757812
88,51.56995300378185,960,True,55.66953659057617
89,63.15959308529273,960,True,67.92366027832031
90,10.807765111792833,302,False,10.511837005615234
91,59.504420089069754,960,True,61.133296966552734
92,63.81356471031904,960,True,66.68693542480469
93,58.34030834864825,960,True,60.62004470825195
94,62.92603768594563,960,True,65.69914245605469
95,65.11880242009647,960,True,68.26777648925781
96,63.17032204417046,960,True,67.13707733154297
97,55.253321130760014,960,True,57.71967697143555
98,57.77902969159186,960,True,61.5478515625
99,53.59914517821744,960,True,57.81615447998047
